team,elo
Framingham,1790.7841319995355
Dracut,1759.8175831071446
Georgetown,1751.405812610352
Lawrence,1749.472452161615
Medway,1696.0534649065348
Cardinal Spellman,1685.9538797586683
Assabet,1684.0515780379708
Methuen,1682.082852263614
Beaver Country Day,1678.3222528220563
Acton-Boxborough,1678.1070431565436
Salem,1662.6679757080278
Braintree,1658.433728578691
Woburn,1641.6611328098172
Chelsea,1640.9738039066972
Walpole,1633.2345601002971
Milford,1632.8186980916257
Pembroke,1626.7063419202718
Lincoln-Sudbury,1621.3245063420827
Lynn Classical,1616.7135070913105
Tewksbury,1615.9034863585216
Millis,1614.5099077509535
Plymouth North,1614.2883222595076
Ashland,1612.9514915007408
Arlington Catholic,1610.653480525838
Rockland,1607.9807861031923
Fontbonne,1607.8284061723161
Belmont,1605.7659007947072
Holyoke,1602.7152524376868
Ipswich,1595.840810110888
Whitman-Hanson,1595.578811479548
Bellingham,1594.3568800392916
Bishop Stang,1593.3129951716578
Masconomet,1589.0212973158077
Pentucket,1588.7500255449793
Fairhaven,1588.5057763264035
Essex Tech,1586.9026528304237
Haverhill,1586.8490165692176
Rising Tide Charter,1585.5823371760846
Martha’s Vineyard,1584.8443060096763
Stoughton,1584.46700593425
Watertown,1583.6754033034626
Mansfield,1583.2546482148905
Burlington,1582.3044928217003
Hingham,1580.7204150533353
Thayer,1577.401843704239
Dighton-Rehoboth,1577.1573857332053
Taunton,1576.065764750062
Durfee,1572.262623512798
Nantucket,1571.9220895918318
Weston,1570.985628784705
Cape Cod Academy,1569.6401607457422
North Middlesex,1569.3051612618867
Groton-Dunstable,1568.7332099365713
Lynn English,1567.549123577282
Greater Lawrence,1564.190967115863
Plymouth South,1563.8531976732186
Chelmsford,1563.5671587030515
Nashoba Valley Tech,1559.810223355076
Brookline,1559.0904942732632
Falmouth Academy,1559.0508464073685
Carver,1558.8286491000263
Foxborough,1557.9947089796337
Putnam,1557.7910890766852
Wakefield,1557.475846909209
Lowell Catholic,1554.7397078365766
Gardner,1553.2775940322838
Joseph Case,1552.5132037285964
Keefe Tech,1551.4620921941919
Southeastern,1550.8062507495954
Wilmington,1550.1526208867238
Smith Voc.,1550.139807806907
Medfield,1549.1487323971023
Natick,1548.843886959972
Bristol Aggie,1548.7919001600924
Upper Cape,1548.5103333096065
Beverly,1548.3406092268035
North Attleborough,1547.4150417186906
McCann Tech,1546.9791425511107
Worcester Tech/North,1546.028442471994
Mashpee,1545.3609413496233
Worcester Tech,1544.7326667839397
Brockton,1543.1644322227576
Springfield International,1542.7632690458447
Ursuline,1541.6107958451087
Dexter Southfield,1540.9753352549264
Triton,1540.4305976984774
Leicester,1539.9523856258238
Bridgewater-Raynham,1536.2973182476348
St. Mark’s,1536.1501315378255
Monomoy,1535.220800240037
Lynnfield,1534.0653093422375
Taft,1533.951612185559
Scituate,1533.1248033209924
Abington,1533.1056612661594
David Prouty,1533.0246518988629
Dedham,1531.8063995022678
University Park/Claremont,1531.5364977469817
Mystic Valley,1531.3247209849585
Attleboro,1530.4968838939865
Douglas,1530.333881188311
Tantasqua,1529.927249225648
Sizer,1529.479319059658
Bourne,1529.3176569778443
Pingree,1528.9429949305138
South Lancaster,1528.6698511079603
Maynard,1528.6698511079603
Shawsheen,1527.9210423262393
Tahanto,1527.829464953729
Burncoat,1527.6955310199096
Sutton,1525.0730847240534
Norfolk Aggie,1523.9506566157822
Medford,1523.589708901615
Renaissance,1523.4363683558777
Hudson,1523.4363683558777
Shepherd Hill,1521.9860061012137
Cohasset,1521.8764203916378
Middleborough,1521.1108472287826
Leominster,1519.9505458368947
Littleton,1519.9430165549454
Algonquin,1519.6651070066287
Blackstone-Millville,1519.4007613627998
Whittier,1516.906584113574
Peabody,1516.18461307186
Somerset Berkley,1516.0789088194635
Brooks,1516.043963101281
West Bridgewater,1515.9603355988625
Chicopee Comprehensive,1514.7561779692787
Rivers,1514.7561779692787
Minuteman,1513.0959341779387
South Shore Voc-Tech,1512.717991704711
Newton South,1510.5261364640091
Arlington,1509.3031437843679
Greater New Bedford,1507.978152408277
Tabor,1507.111784415575
Wayland,1506.4955614342175
East Longmeadow,1506.379388065645
Holbrook/Avon,1506.1376653352306
Westfield Tech,1504.221823504691
Notre Dame (Tyngsborough),1502.7555
Cape Cod Tech,1502.7555
Waltham,1502.7555
Saugus,1502.7555
Longmeadow,1502.7555
Amherst-Pelham,1502.7555
Minnechaug,1502.7555
Westfield,1502.7555
Wachusett,1502.7555
Notre Dame (Worcester),1502.7555
Winthrop,1499.9386951438275
Bristol-Plymouth,1499.3561051309243
Hopkinton,1498.8557327283431
Middlesex,1498.008661246467
Revere,1494.7784164828536
Bay Path,1494.565650108585
Hanover,1492.9667406576643
Malden Catholic,1491.8763206461692
Wellesley,1491.6324711423651
Berwick,1491.6150845467496
Falmouth,1491.2935842541706
Chicopee,1490.7548220307212
St. Paul,1486.7545960409616
Dana Hall,1486.0295961085892
Westborough,1485.8458929933713
Shrewsbury,1483.5249938987863
Boston Latin,1483.3221346685614
East Bridgewater,1481.9251136899447
ME/Rockport,1481.5801848322858
Reading,1481.4632450203053
West Springfield,1481.277483042839
Stoneham,1480.8782736880976
Old Colony,1480.7848685394395
Nauset,1480.656969473677
King Philip,1480.2480034374926
Milton Academy,1479.0170987808503
Clinton,1476.8411488920397
Ayer Shirley,1476.8411488920397
Blackstone Valley,1476.638642023709
Notre Dame Academy-Worcester,1475.446498602947
Hampshire,1475.177118811689
Pope Francis,1474.861575651688
Springfield Central,1474.7464983462153
BB&N,1474.4647882339132
Parker Charter,1474.4163242217617
Agawam,1473.7242119236123
Amesbury,1472.3422199475501
Diman,1469.0986653353766
Westford,1468.7896796459506
Marshfield,1468.5380703368298
North Reading,1466.2865049307745
Portsmouth Abbey,1465.189906807193
Frontier,1465.153531673914
New Bedford,1462.7441983156182
Lexington Christian,1462.2158849418645
Wheeler (R.I.),1461.4157862135394
Everett,1460.7459277492887
Nobles,1460.4322598301972
Lowell,1456.84239164083
Malden,1456.6105871281704
Doherty,1455.590833264655
Dennis-Yarmouth,1453.5508000619657
Archbishop Williams,1453.1384078550927
Newton Country Day,1451.5792208428652
Bedford,1450.218675112516
Swampscott,1450.2109074222315
Oakmont,1450.0662531647097
Danvers,1448.5879809652506
Tri-County,1447.9666049710881
Norwood,1447.7893328838566
Barnstable,1445.441618492542
Seekonk,1444.6408338805093
Sturgis West,1444.3850696809775
Northeast,1442.1856982821794
North Quincy/Quincy,1441.0498816326913
Holliston,1438.841382848859
Tyngsborough,1437.137200256403
Dartmouth,1435.378821715006
Nashoba,1431.9605202417713
Uxbridge,1429.0094496124286
Lunenburg,1428.6711654049275
Melrose,1428.4803176849293
Sharon,1422.4403220428826
Monty Tech,1420.8680677539407
Milton,1420.5128830894557
Ludlow,1420.3877598404117
Northampton,1419.6941590975089
Sandwich,1415.5279085264576
Bishop Fenwick,1412.4209301580986
St. Mary’s,1410.654427897241
Oliver Ames,1409.5768720369895
Cambridge,1406.164685994722
Apponequet,1404.3716050248488
Weymouth,1400.7406746429085
Franklin,1397.2649076440246
Duxbury,1392.448124845982
Manchester Essex/Rockport,1391.6136772253433
Winsor,1391.4856165265167
Notre Dame (Hingham),1369.706477336406
Bishop Feehan,1366.3919749950305
Old Rochester,1366.3552866579732
Silver Lake,1364.9592560247975
Andover,1362.9288309911976
Quincy/North Quincy,1358.8320347951612
Sturgis East,1355.9898583837419
Dover-Sherborn,1354.9252437147231
Newburyport,1347.2762734472326
Central Catholic,1335.3468157153293
Norton,1326.2427747052766
Westwood,1323.36101447094
Greater Lowell,1314.6246218075944
Canton,1311.0231432554717
Lexington,1309.3542813855738
Marblehead,1307.0919211461912
Winchester,1302.5513409111059
Advanced Math and Science,1298.8564395819772
Concord-Carlisle,1279.9650892610553
Hamilton-Wenham,1276.5719314794555
Needham,1265.2781537159024
Somerville,1261.0829251627824
Norwell,1261.0289135787268
Newton North,1259.0040154976093
North Andover,1249.4900844597203
Billerica,1192.6493487974321
